"","grant_title","id","organization","total_amount","group","Grant start date","start_month","start_day","start_year"
"1","Apadrinamiento de 470 niños en alto riesgo social de La Pintana",1,"Asociación Benéfica Cristiana Promotora de Desarrollo Integral",24425291,"medium","09-11-2014","09","11","2014"
"2","Programa Apadrinamiento niños con errores innatos de metabolismo",2,"Asociación Nacional Chilena de los Amigos de la Infancia",2300000,"low","12-15-2014","12","15","2014"
"3","Segundo taller de manejo conductual para personas afectadas por SPW",3,"Asociación Nacional del Síndrome de Prader Willi A.N.S.P.W.",5e+06,"low","06-20-2014","06","20","2014"
"4","Programa Emprende mamá",4,"Asociación de Damas Salesianas",10039638,"low","10-10-2014","10","10","2014"
"5","Proyecto centro de rehabilitación Antofagasta",5,"COANIQUEM",1e+06,"low","12-31-2014","12","31","2014"
"6","Proyecto de financiamiento de gasto operacional de centro de rehabilitación de Puerto Montt",6,"COANIQUEM",7808507,"low","08-08-2014","08","08","2014"
"7","Rehabilitación de Personas de Escasos Recursos con Adicción a las Drogas",7,"Casa de Acogida La Esperanza",266568422,"high","02-06-2014","02","06","2014"
"8","Proyecto RSE - Programa de Desarrollo Pullinque",8,"Corporación Agraria para el Desarrollo",86864219,"high","10-30-2014","10","30","2014"
"9","Centro de Desarrollo Integral, Sede Colina",9,"Corporación Crece Chile",12600000,"medium","07-14-2014","07","14","2014"
"10","Centro de Desarrollo Integral, Sede La Florida",10,"Corporación Crece Chile",2e+06,"low","06-26-2014","06","26","2014"
"11","Centro de Desarrollo Integral, Sede Lo Barnechea",11,"Corporación Crece Chile",8e+06,"low","07-14-2014","07","14","2014"
"12","Centro de Desarrollo Integral, Sede Maipú",12,"Corporación Crece Chile",8e+06,"low","07-14-2014","07","14","2014"
"13","Centro de Desarrollo Integral, Sede Pudahuel",13,"Corporación Crece Chile",1e+07,"low","08-29-2014","08","29","2014"
"14","Construcción CREE Cerro Navia",14,"Corporación Educacional Equipo y Excelencia",389854182,"high","10-07-2014","10","07","2014"
"15","Cuidado Infantil Educación y Participación",15,"Corporación Educacional y de Beneficencia Cristo Joven",127196281,"high","03-25-2014","03","25","2014"
"16","Talleres para promover una actitud emprendedora en jóvenes",16,"Corporación Forja Chile",16800000,"medium","04-04-2014","04","04","2014"
"17","Cicloturismo y Aventura",17,"Corporación La Montaña",18700000,"medium","07-25-2014","07","25","2014"
"18","Descubriendo la naturaleza de Til Til",18,"Corporación La Montaña",39600000,"medium","07-25-2014","07","25","2014"
"19","Perros de Asistencia Judicial",19,"Corporación Nacional de Fomento a la integracion Animal en la Rehabilitacion (CONFIAR)",60001154,"high","01-27-2014","01","27","2014"
"20","Red de Alimentos",20,"Corporación Red de Alimentos",482811998,"high","02-21-2014","02","21","2014"
"21","Apoyo Emocional a Mujeres con Cáncer de Mama",21,"Corporación Yo Mujer",30372593,"medium","09-24-2014","09","24","2014"
"22","Ampliación y readecuación planta física Centro de Diagnóstico MATER",22,"Corporación de Ayuda al Niño Enfermo Renal Mater",124750305,"high","04-29-2014","04","29","2014"
"23","Centro de Rehabilitación Puerto Montt",23,"Corporación de Ayuda al Niño Quemado COANIQUEM",3170000,"low","08-29-2014","08","29","2014"
"24","Invirtiendo en mi interior",24,"Corporación de Desarrollo Mundo Violeta",1e+05,"low","11-27-2014","11","27","2014"
"25","Ayudar.cl",25,"Corporación de Organizaciones Solidarias",2081406,"low","01-20-2014","01","20","2014"
"26","Fortalecimiento Organizaciones Sociales que prestan servicios a Personas de Escasos Recursos",26,"Corporación de Organizaciones Solidarias",19515000,"medium","08-26-2014","08","26","2014"
"27","Optimización de la Gestión integral del Hogar de Protección Villa Jorge",27,"Corporación demos una oportunidad al menor",2e+08,"high","02-05-2014","02","05","2014"
"28","Nivelación de estudios comuna de Tierra Amarilla",28,"Corporación para el Desarrollo de la Región de Atacama (CORPROA)",15093000,"medium","10-13-2014","10","13","2014"
"29","Derecho a la Educacion para Todos: Mejoramiento y operación de 5 Escuelas de Reinsercion Educativa",29,"F oUpNerDaAciCónIO dNe 5E DEUscCuAeClasIO dNeA RLe SinUseMrAciTonE Ed",1e+05,"low","11-30-2014","11","30","2014"
"30","Derecho a la Educacion para Todos: Mejoramiento y operación de 5 Escuelas de Reinsercion Educativa",30,"F oUpNerDacAiCónIO dNe 5E DEUscCuAeClaIsO dNeA RLe SinUseMrAciTonE Ed",14474250,"medium","09-30-2014","09","30","2014"
"31","Derecho a la Educacion para Todos: Mejoramiento y operación de 5 Escuelas de Reinsercion Educativa",31,"F oUpNerDacAiCónIO dNe 5E DEUscCuAelCaIsO dNeA RLe SinUseMrAciTonE Ed",3e+07,"medium","12-31-2014","12","31","2014"
"32","Escuela Padre Hurtado Renca",32,"FUNDACION EDUCACIONAL SUMATE",52294957,"high","01-31-2014","01","31","2014"
"33","Escuela Padre Lavin",33,"FUNDACION EDUCACIONAL SUMATE",5e+06,"low","06-30-2014","06","30","2014"
"34","Inserción a la Educación Técnica Superior",34,"FUNDACION EDUCACIONAL SUMATE",303004664,"high","01-31-2014","01","31","2014"
"35","Programas Prevención a la Deserción Escolar",35,"FUNDACION EDUCACIONAL SUMATE",408355955,"high","01-31-2014","01","31","2014"
"36","Proyecto Portas",36,"Fundación Portas",23145599,"medium","01-31-2014","01","31","2014"
"37","Operacion de Programas Terapeuticos Residenciales Adultos La Manresa, San Francisco y Santa Ana",37,"Fundación (Paréntesis)",545126535,"high","01-31-2014","01","31","2014"
"38","Operación de Programas Terapéuticos Ambulatorios para Adolescentes",38,"Fundación (Paréntesis)",127638724,"high","01-31-2014","01","31","2014"
"39","Operación de los Programas Terapéuticos Residenciales para Adultos La Tirana y Padre Alberto Hurtado",39,"Fundación (Paréntesis)",48010676,"high","01-31-2014","01","31","2014"
"40","Operación de los Programas Terapéuticos Residenciales para Adultos Villamávida Hombres y Villamávida Mujeres",40,"Fundación (Paréntesis)",5e+05,"low","07-31-2014","07","31","2014"
"41","Operación del Programa Terapéutico Ambulatorio para Personas en Situación de Calle Concepción",41,"Fundación (Paréntesis)",25603117,"medium","01-31-2014","01","31","2014"
"42","Tratamiento Integral Ambulatorio para personas adultas con consumo problematico
de Alcohol y Drogas y otros Transtornos de salud Mental",42,"Fundación (Paréntesis)",1126000,"low","03-31-2014","03","31","2014"
"43","Servicios de apoyo a empresas para la inclusión laboral de personas con discapacidad",43,"Fundación AMIPAC",2e+06,"low","12-10-2014","12","10","2014"
"44","Ampliación Proyecto Plazas para Ramón Cordero",44,"Fundación Acción Social Educacional Goretti",48129023,"high","01-17-2014","01","17","2014"
"45","Junto al Barrio Costa Brava y Viento Sur, Promoviendo la Integración Comunitaria y Articulando Redes de Inversión Pública y Privada",45,"Fundación Acción Social Educacional Goretti",64770056,"high","03-10-2014","03","10","2014"
"46","Junto al Barrio El Castillo, promoviendo la organización comunitaria La Pintana y articulando redes de inversión pública y colaboración privada",46,"Fundación Acción Social Educacional Goretti",9500000,"low","04-14-2014","04","14","2014"
"47","Organizaciones comunitarias población La Pincoya: Liderando el cambio",47,"Fundación Acción Social Educacional Goretti",6e+07,"high","07-12-2014","07","12","2014"
"48","Organizaciones comunitarias población Los Nogales: Liderando el cambio",48,"Fundación Acción Social Educacional Goretti",6e+07,"high","06-02-2014","06","02","2014"
"49","Pintura de fachadas Costa Brava",49,"Fundación Acción Social Educacional Goretti",63674847,"high","01-24-2014","01","24","2014"
"50","Traspaso de competencias claves a las organizaciones",50,"Fundación Acción Social Educacional Goretti",4851598,"low","05-05-2014","05","05","2014"
"51","Apoyo a la integración social y laboral de jóvenes con discapacidad leve o moderada",51,"Fundación Amigos Por Siempre",18220000,"medium","05-11-2014","05","11","2014"
"52","Centro Diurno de Rehabilitación con base comunitaria Huelén 2001",52,"Fundación Amigos de Jesús",56580000,"high","05-23-2014","05","23","2014"
"53","Desarrollo Proyecto Agua Potable Callaqui",53,"Fundación Amulén",10817500,"low","05-29-2014","05","29","2014"
"54","Proyecto Turbo Generador Alto Bío Bío",54,"Fundación Amulén",28224145,"medium","07-29-2014","07","29","2014"
"55","A Convivir Se Aprende",55,"Fundación América Solidaria",7500000,"low","12-23-2014","12","23","2014"
"56","Potenciando autonomía",56,"Fundación América Solidaria",1e+07,"low","10-07-2014","10","07","2014"
"57","Primeros pasos, educación social integral para niñas y niños",57,"Fundación América Solidaria",7500000,"low","12-30-2014","12","30","2014"
"58","Promoviendo inclusión: Educación intercultural para niños y niñas migrantes",58,"Fundación América Solidaria",12354500,"medium","12-23-2014","12","23","2014"
"59","Programa de Becas CFT (Centros de Formación Técnica) para ex alumnos de Belén Educa",59,"Fundación Belén Educa",1598540,"low","12-31-2014","12","31","2014"
"60","Mejorando las residencias de protección, para personas con Discapacidad Intelectual de la Fundación Coanil",60,"Fundación COANIL",25830000,"medium","01-31-2014","01","31","2014"
"61","Síndrome de Down y proyecto de vida inclusiva",61,"Fundación CPUED",56199600,"high","03-05-2014","03","05","2014"
"62","Activarse",62,"Fundación Casa de la Paz",55300899,"high","04-28-2014","04","28","2014"
"63","Aprender",63,"Fundación Casa de la Paz",55744588,"high","09-11-2014","09","11","2014"
"64","Proyecto Peldehue de Educación extra escolar y Terapia Floral",64,"Fundación Conciencia",3e+06,"low","04-21-2014","04","21","2014"
"65","Reforzamiento de las acciones destinadas a la superación de la pobreza de sectores vulnerables de la RM, restructuración y modernización de la administración central de la institución",65,"Fundación Cristo Vive",9500000,"low","12-30-2014","12","30","2014"
"66","Regularización Eléctrica de establecimiento del centro de salud familiar y la escuela de auxiliares
de enfermería",66,"Fundación Cristo Vive",2e+07,"medium","08-20-2014","08","20","2014"
"67","Ampliación y remodelación nueva casa DEBRA",67,"Fundación Debra Chile",74057000,"high","10-06-2014","10","06","2014"
"68","Manejo integral de heridas, mejorando la calidad de vida de los niños con Piel de Cristal",68,"Fundación Debra Chile",20149560,"medium","06-02-2014","06","02","2014"
"69","Fondo Descúbreme",69,"Fundación Descúbreme",1.2e+08,"high","03-20-2014","03","20","2014"
"70","Leer es Primero",70,"Fundación Educacional AraucaníAprende",5e+05,"low","01-14-2014","01","14","2014"
"71","Rescate Lector",71,"Fundación Educacional AraucaníAprende",91550000,"high","08-05-2014","08","05","2014"
"72","Programa de Becas CFT (Centros de Formación Técnica) para ex alumnos de Belén Educa",72,"Fundación Educacional Belén",1598540,"low","12-31-2014","12","31","2014"
"73","Jardín Infantil y Centro de Familia Ángel de la Guarda",73,"Fundación Educacional Choshuenco",9.3e+07,"high","07-29-2014","07","29","2014"
"74","Programa de mejora continua en calidad pedagógica inicial",74,"Fundación Educacional Choshuenco",38108577,"medium","11-05-2014","11","05","2014"
"75","Proyecto Educacional Proyecto el Golf",75,"Fundación Educacional Colegio El Golf",65094000,"high","01-24-2014","01","24","2014"
"76","Programa de Lectro-Escritura comprensiva Primero Lee",76,"Fundación Educacional Crecer con Todos",27500000,"medium","03-04-2014","03","04","2014"
"77","Apoyo Personal Trabajador Social Especializado",77,"Fundación Educacional Loyola",1e+08,"high","06-25-2014","06","25","2014"
"78","Apoyo Personal Trabajador Social Especializado",78,"Fundación Educacional Padre Jaime Larraín",2402458,"low","09-05-2014","09","05","2014"
"79","Generando las condiciones para la mejora del colegio san Alberto",79,"Fundación Educacional Padre Jaime Larraín",765940,"low","12-30-2014","12","30","2014"
"80","Sube Conmigo",80,"Fundación Educacional Padre Jaime Larraín",7e+06,"low","09-14-2014","09","14","2014"
"81","Directores Líderes en Escuelas Vulnerables",81,"Fundación Educación 2020",129909872,"high","05-08-2014","05","08","2014"
"82","Programa de acompañamiento y mejora en establecimientos",82,"Fundación Educación 2020",7e+06,"low","08-11-2014","08","11","2014"
"83","Selección, formación y acompañamiento de 171 profesionales de Enseña Chile",83,"Fundación Enseña Chile",639607488,"high","01-29-2014","01","29","2014"
"84","Fútbol Más: Escuela de Fútbol y Valores II",84,"Fundación Grandes Valores",744487701,"high","01-08-2014","01","08","2014"
"85","Atención Multidisciplinaria e Integral a Lactantes y Preescolares Vulnerados en sus Derechos",85,"Fundación Hogar Esperanza",26210000,"medium","01-08-2014","01","08","2014"
"86","Atención multidisciplinaria a lactantes y preescolares vulnerados en sus derechos",86,"Fundación Hogar Esperanza",63149093,"high","03-26-2014","03","26","2014"
"87","Restitución del derecho a vivir en familia a lactantes y preescolares vulnerados en sus derechos",87,"Fundación Hogar Esperanza",16890000,"medium","01-08-2014","01","08","2014"
"88","Naturalizar educativamente Jardines Infantiles Etapa II",88,"Fundación Ilumina",105444343,"high","12-23-2014","12","23","2014"
"89","Primavera del Cottolengo etapa II",89,"Fundación Ilumina",37380660,"medium","12-23-2014","12","23","2014"
"90","Semana Empresa - Una Experiencia Educativa de Inducción al Mundo Laboral",90,"Fundación Itaú Chile",4349566,"low","09-01-2014","09","01","2014"
"91","Mejorando la calidad de vida de los Adultos Mayores",91,"Fundación Jóvenes por una América Solidaria",7e+06,"low","08-07-2014","08","07","2014"
"92","Atención Técnica Directa al Adulto Mayor Institucionalizado",92,"Fundación Las Rosas",765952864,"high","03-31-2014","03","31","2014"
"93","DISEÑO Y CONSTRUCCIÓN DE UN ELEAM EN LA COMUNA DE BUIN",93,"Fundación Las Rosas",1.5e+08,"high","12-18-2014","12","18","2014"
"94","FINANCIAMIENTO GASTOS  DE OPERACION 40 ELEAM PARA EL PERIODO 2014",94,"Fundación Las Rosas",216680115,"high","12-26-2014","12","26","2014"
"95","RSP Casa de Laura Santiago",95,"Fundación Laura Vicuña",5e+05,"low","04-07-2014","04","07","2014"
"96","Residencia de Protección Amor, Paz y Alegría",96,"Fundación Laura Vicuña",1200000,"low","06-18-2014","06","18","2014"
"97","Arborización Participativa",97,"Fundación Mi Parque",7e+06,"low","07-06-2014","07","06","2014"
"98","Arborización Participativa Antofagasta",98,"Fundación Mi Parque",6645000,"low","11-14-2014","11","14","2014"
"99","Areas Verdes Educativas",99,"Fundación Mi Parque",26600000,"medium","09-02-2014","09","02","2014"
"100","Construcción Proyecto Plan Maestro, Huertos
familiares",100,"Fundación Mi Parque",164416735,"high","07-06-2014","07","06","2014"
"101","Construcción de Áreas Verdes en Conjunto con la Comunidad de Villa Hermosa en Huechuraba",101,"Fundación Mi Parque",12575000,"medium","05-06-2014","05","06","2014"
"102","Máster Plan Participativo Áreas Verdes Baquedano",102,"Fundación Mi Parque",18827574,"medium","01-30-2014","01","30","2014"
"103","Parque Las Turbinas",103,"Fundación Mi Parque",107359041,"high","01-30-2014","01","30","2014"
"104","Plaza La Africana",104,"Fundación Mi Parque",12800000,"medium","12-30-2014","12","30","2014"
"105","Plaza Rodolfo Cortés",105,"Fundación Mi Parque",1e+07,"low","12-30-2014","12","30","2014"
"106","Plazas",106,"Fundación Mi Parque",18300000,"medium","04-30-2014","04","30","2014"
"107","Plazas Deportivas",107,"Fundación Mi Parque",608702688,"high","03-21-2014","03","21","2014"
"108","Plazas Deportivas Valparaíso",108,"Fundación Mi Parque",5452052,"low","10-15-2014","10","15","2014"
"109","Plazas Recoleta",109,"Fundación Mi Parque",19348174,"medium","05-30-2014","05","30","2014"
"110","Plazas Región Metropolitana",110,"Fundación Mi Parque",80800000,"high","08-02-2014","08","02","2014"
"111","Recuperación 20 Plazas",111,"Fundación Mi Parque",1.5e+07,"medium","09-02-2014","09","02","2014"
"112","Recuperación y Habilitación de áreas verdes en quebrada Corvallis y Cantera, Antofagasta",112,"Fundación Mi Parque",401716000,"high","01-30-2014","01","30","2014"
"113","Áreas Verdes Colegio Nuestra Señora del Carmen",113,"Fundación Mi Parque",7e+06,"low","01-30-2014","01","30","2014"
"114","Diseño de arquitectura, ingeniería y especialidades Alhué",114,"Fundación Minera Florida",31920000,"medium","10-30-2014","10","30","2014"
"115","Emprendimiento y Desarrollo Local Agrícola en Alhué",115,"Fundación Minera Florida",14441150,"medium","12-30-2014","12","30","2014"
"116","Mejoramiento de la calidad de vida de los habitantes de Tal Tal",116,"Fundación Minera Florida",11403145,"low","10-30-2014","10","30","2014"
"117","Mejoramiento del paisaje cívico de la comuna de Alhué",117,"Fundación Minera Florida",6.8e+07,"high","10-30-2014","10","30","2014"
"118","Programa de Apoyo al mejoramiento de la calidad de vida de Alhué",118,"Fundación Minera Florida",22235612,"medium","12-30-2014","12","30","2014"
"119","Programa de Gestión en educación Alhué",119,"Fundación Minera Florida",18012488,"medium","08-05-2014","08","05","2014"
"120","Programa de gestión e integración educacional",120,"Fundación Minera Florida",20332146,"medium","10-30-2014","10","30","2014"
"121","Resolución problemática habitacional Alhué",121,"Fundación Minera Florida",3.4e+07,"medium","11-28-2014","11","28","2014"
"122","Casa de Acogida e Inclusión para personas con Discapacidad Misión de Amor",122,"Fundación Misión Batuco",62500000,"high","12-29-2014","12","29","2014"
"123","CREO, programa de inserción social",123,"Fundación Misses por una Causa",56400000,"high","12-30-2014","12","30","2014"
"124","Proyecto de remodelación Unidad Oncológica",124,"Fundación Nuestros Hijos",225898180,"high","10-30-2014","10","30","2014"
"125","Sillones de acompañamiento para cuidadores de niños con cáncer",125,"Fundación Nuestros Hijos",10500000,"low","10-29-2014","10","29","2014"
"126","Construcción Nuevo Hogar Buen Camino y Reforzamiento de Intervencion en Niños",126,"Fundación Padre Semeria",63900000,"high","01-02-2014","01","02","2014"
"127","Construcción Nuevo Hogar Buen Camino, La Pintana",127,"Fundación Padre Semeria",44700000,"medium","09-29-2014","09","29","2014"
"128","Programa de Prevención de Violencia Escolar",128,"Fundación Paz Ciudadana",26671167,"medium","08-02-2014","08","02","2014"
"129","Programa de empleabilidad para jóvenes infractores de la ley",129,"Fundación Proyecto B",2.5e+07,"medium","01-01-2014","01","01","2014"
"130","Financiamiento Operación Centro de Rehabilitación Laboral (CRL)",130,"Fundación Rostros Nuevos",59133549,"high","01-31-2014","01","31","2014"
"131","Financiamiento Operación del programa Apoyo familiar (PAFAM)",131,"Fundación Rostros Nuevos",61930413,"high","01-31-2014","01","31","2014"
"132","Financiamiento Operación del programa Centro de Larga Estadía (CLE)",132,"Fundación Rostros Nuevos",200105808,"high","01-31-2014","01","31","2014"
"133","Tengo Derecho a Vivir en Familia",133,"Fundación San José Centro de Atención Familiar",23035000,"medium","03-08-2014","03","08","2014"
"134","Capacitación en talleres integrales de oficio a Niños, Niñas y Adolescentes que viven en Centros de Protección de SENAME CREAD Pudahuel",134,"Fundación Sentido",13400000,"medium","09-04-2014","09","04","2014"
"135","Programa Integra Chile",135,"Fundación Servicio Jesuita a Migrantes",617000,"low","05-30-2014","05","30","2014"
"136","Capacitación y potenciamiento de productividad de micro y pequeñas empresas",136,"Fundación Technoserve Chile",64289657,"high","05-02-2014","05","02","2014"
"137","Desarrollo empresarial para micro y pequeños empresas de las regiones II, III, V, RM",137,"Fundación Technoserve Chile",432470306,"high","09-11-2014","09","11","2014"
"138","Proyecto Regional Metropolitano",138,"Fundación Un Techo para Chile",333050647,"high","07-10-2014","07","10","2014"
"139","Construyendo Nuevos Barrios de Vivienda Social",139,"Fundación Urbanismo Social",55942130,"high","03-31-2014","03","31","2014"
"140","Educación en consumo eficiente",140,"Fundación Urbanismo Social",76891946,"high","04-30-2014","04","30","2014"
"141","Acogida para niños con cáncer de regiones junto a su apoderado en casa de la Sagrada Familia",141,"Fundación de ayuda al niño oncológico Casa de la Sagrada Familia",1e+07,"low","12-22-2014","12","22","2014"
"142","Construcción Casa de Acogida",142,"Fundación de Ayuda al Niño Oncológico Casa de la Sagrada Familia",6569597,"low","07-09-2014","07","09","2014"
"143","Empleo con apoyo para personas en situacion de calle de las regiones de: Valparaiso, Santiago y Bio Bio",143,"Fundación de Beneficencia Ayuda y Esperanza",64546130,"high","01-31-2014","01","31","2014"
"144","Entrega de Creditos y Capacitacion de 20.553 emprendedoras/es de la Zona Norte, V Region, Colina, Lampa y Til Til",144,"Fundación de Beneficencia Ayuda y Esperanza",318279168,"high","03-31-2014","03","31","2014"
"145","Financiamiento Operación Red de Hospederías",145,"Fundación de Beneficencia Hogar de Cristo",4e+06,"low","05-31-2014","05","31","2014"
"146","Financiamiento Residencia Adulto Mayor",146,"Fundación de Beneficencia Hogar de Cristo",10079351215,"high","01-31-2014","01","31","2014"
"147","Programa de Atencion Domiciliaria al Adulto Mayor",147,"Fundación de Beneficencia Hogar de Cristo",71277500,"high","05-31-2014","05","31","2014"
"148","Programa de Mejoramiento de la Calidad de la Educación",148,"Fundación de Beneficencia Hogar de Cristo",308946670,"high","08-31-2014","08","31","2014"
"149","Remodelación y ampliación de Centro de Apoyo a la Familia Policlinico El Salto",149,"Fundación de Educación y Desarrollo Social Los Lagos",44600000,"medium","06-15-2014","06","15","2014"
"150","Educación Financiera en microcampamentos",150,"Fundación de Trabajo en la calle",7294870,"low","10-20-2014","10","20","2014"
"151","Microproyecto Campamento Irene Frei",151,"Fundación de Trabajo en la calle",2505130,"low","11-18-2014","11","18","2014"
"152","Centinela Junto a Ti",152,"Fundación de la Familia",50750000,"high","12-26-2014","12","26","2014"
"153","Centinela Junto a Ti II",153,"Fundación de la Familia",2.8e+07,"medium","12-26-2014","12","26","2014"
"154","La Ruta de la Beca",154,"Fundación por una Carrera",3533134,"low","11-27-2014","11","27","2014"
"155","Proyecto Visitas colegios asesorías personalizadas y voluntariado",155,"Fundación por una Carrera",11744627,"low","05-14-2014","05","14","2014"
"156","Reconstrucción Colegio Técnico Las Nieves",156,"La Protectora de la Infancia",40250000,"medium","01-21-2014","01","21","2014"
"157","Reconstrucción Residencia Femenina Santa Victoria en Talcahuano",157,"La Protectora de la Infancia",20405787,"medium","01-07-2014","01","07","2014"
"158","Residencia María Reina de los Apóstoles",158,"Maria Ayuda Corporación de Beneficencia",5140988,"low","09-16-2014","09","16","2014"
"159","Residencia Mixta María Ayuda Viña",159,"Maria Ayuda Corporación de Beneficencia",8600000,"low","04-21-2014","04","21","2014"
"160","Residencia Navidad",160,"Maria Ayuda Corporación de Beneficencia",238000,"low","10-24-2014","10","24","2014"
"161","Residencia Niñas María Ayuda Rancagua",161,"Maria Ayuda Corporación de Beneficencia",72150000,"high","07-10-2014","07","10","2014"
"162","Residencia Nuestra Señora de la Esperanza",162,"Maria Ayuda Corporación de Beneficencia",1500000,"low","10-01-2014","10","01","2014"
"163","Residencia Nuestra Señora de la Visitación",163,"Maria Ayuda Corporación de Beneficencia",8e+05,"low","09-16-2014","09","16","2014"
"164","Residencia Padre Hernán",164,"Maria Ayuda Corporación de Beneficencia",43961850,"medium","03-05-2014","03","05","2014"
"165","Residencia San José",165,"Maria Ayuda Corporación de Beneficencia",6e+05,"low","12-09-2014","12","09","2014"
"166","Residencia Villa Santa María del Bosque",166,"Maria Ayuda Corporación de Beneficencia",335861853,"high","01-06-2014","01","06","2014"
"167","Red Innovacien",167,"ONG Innovacien",1.3e+07,"medium","03-20-2014","03","20","2014"
"168","Construyendo mi Futuro",168,"ONG de Desarrollo ANSPAC",47300000,"medium","05-06-2014","05","06","2014"
"169","Programa de educación para niños y familias en situación de pobreza y vulnerabilidad de las regiones Metropolitana, Biobío y Araucanía",169,"ONG de Desarrollo Centro de Capacitación y Desarrollo Económico Social (CECADES)",4160000,"low","01-16-2014","01","16","2014"
"170","Red de Formación y Trabajo para el Sur Austral de Chile",170,"ONG de Desarrollo Consejo Empresarial de la Educación",94602000,"high","03-05-2014","03","05","2014"
"171","Unidos por la Salud de los Niños",171,"Patronato Nacional de la Infancia",53385000,"high","05-20-2014","05","20","2014"
"172","Hogar San Francisco de Borja",172,"Patronato de los Sagrados Corazones",1e+07,"low","12-30-2014","12","30","2014"
"173","Mejoramiento de la Infraestructura de la Escuela S",173,"nF UFrNaDncAisCcIoO, NL aE PDiUntCanACIONAL SUMATE",15151727,"medium","09-30-2014","09","30","2014"
"174","Acogida para niños con cáncer de regiones junto a su apoderado en casa de la Sagrada Familia",174,"Fundación de ayuda al niño oncológico Casa de la Sagrada Familia",14833593,"medium","08-03-2015","08","03","2015"
"175","Apadrinamiento de 470 niños en alto riesgo social de La Pintana",175,"Fundación de ayuda al niño oncológico Casa de la Sagrada Familia",23237117,"medium","06-23-2015","06","23","2015"
"176","Programa Emprende mamá",176,"Fundación de ayuda al niño oncológico Casa de la Sagrada Familia",18908000,"medium","12-17-2015","12","17","2015"
"177","Antofagasta",177,"Fundación de ayuda al niño oncológico Casa de la Sagrada Familia",1e+06,"low","05-30-2015","05","30","2015"
"178","P.MONTT",178,"Fundación de ayuda al niño oncológico Casa de la Sagrada Familia",6903348,"low","01-29-2015","01","29","2015"
"179","SANTIAGO",179,"Fundación de ayuda al niño oncológico Casa de la Sagrada Familia",6085103,"low","07-31-2015","07","31","2015"
"180","Rehabilitación de Personas de Escasos Recursos con Adicción a las Drogas",180,"Fundación de ayuda al niño oncológico Casa de la Sagrada Familia",264174672,"high","01-12-2015","01","12","2015"
"181","Proyecto RSE - Programa de Desarrollo Pullinque",181,"Fundación de ayuda al niño oncológico Casa de la Sagrada Familia",84735000,"high","02-04-2015","02","04","2015"
"182","Impacto del uso de la Inmunización con PALIVIZUMAB en una población de niños prematuros portadores de Displasia Pulmonar",182,"Fundación de ayuda al niño oncológico Casa de la Sagrada Familia",8e+06,"low","08-04-2015","08","04","2015"
"183","Centro de Desarrollo Integral, Sede Colina",183,"Fundación de ayuda al niño oncológico Casa de la Sagrada Familia",1.1e+07,"low","04-29-2015","04","29","2015"
"184","Centro de Desarrollo Integral, Sede Maipú",184,"Fundación de ayuda al niño oncológico Casa de la Sagrada Familia",7e+06,"low","05-15-2015","05","15","2015"
"185","Centro de Desarrollo Integral, Sede Pudahuel",185,"Fundación de ayuda al niño oncológico Casa de la Sagrada Familia",1e+07,"low","03-06-2015","03","06","2015"
"186","Centro de Desarrollo Integral, sede Quilicura",186,"Fundación de ayuda al niño oncológico Casa de la Sagrada Familia",12500000,"medium","07-17-2015","07","17","2015"
"187","Construcción CREE Cerro Navia",187,"Fundación de ayuda al niño oncológico Casa de la Sagrada Familia",939134957,"high","02-03-2015","02","03","2015"
"188","Cuidado Infantil Educación y Participación",188,"Fundación de ayuda al niño oncológico Casa de la Sagrada Familia",132453156,"high","03-31-2015","03","31","2015"
"189","Fortalecimiento de una actitud emprendedora en niños, jóvenes y adultos",189,"Fundación de ayuda al niño oncológico Casa de la Sagrada Familia",1.9e+07,"medium","11-30-2015","11","30","2015"
"190","CICLOTURISMO  Y AVENTURA EN TIL TIL",190,"Fundación de ayuda al niño oncológico Casa de la Sagrada Familia",15580000,"medium","06-17-2015","06","17","2015"
"191","Descubriendo la naturaleza de Til Til",191,"Fundación de ayuda al niño oncológico Casa de la Sagrada Familia",19550000,"medium","06-17-2015","06","17","2015"
"192","PROGRAMA DE MEJORAMIENTO DE LA
GESTION AMBIENTAL PARA 07
ESTABLECIMIENTOS DE TIL TIL",192,"Fundación de ayuda al niño oncológico Casa de la Sagrada Familia",10950000,"low","06-17-2015","06","17","2015"
"193","Red de Alimentos",193,"Fundación de ayuda al niño oncológico Casa de la Sagrada Familia",272853000,"high","03-30-2015","03","30","2015"
"194","Apoyo Emocional a Mujeres con Cáncer de Mama",194,"Fundación de ayuda al niño oncológico Casa de la Sagrada Familia",46633334,"medium","01-06-2015","01","06","2015"
"195","Ampliación y readecuación planta física Centro de Diagnóstico MATER",195,"Fundación de ayuda al niño oncológico Casa de la Sagrada Familia",96281743,"high","03-20-2015","03","20","2015"
"196","Centro de Diagnostico Renal infantil MATER",196,"Fundación de ayuda al niño oncológico Casa de la Sagrada Familia",3.3e+07,"medium","11-20-2015","11","20","2015"
"197","Fortalecimiento Organizaciones Sociales que prestan servicios a Personas de Escasos Recursos",197,"Fundación de ayuda al niño oncológico Casa de la Sagrada Familia",4.2e+07,"medium","10-26-2015","10","26","2015"
"198","Plan de integración Socio Laboral para Rehabilitados de Drogas",198,"Fundación de ayuda al niño oncológico Casa de la Sagrada Familia",5e+06,"low","09-01-2015","09","01","2015"
"199","Implementación del Centro de Rehabilitación Comunitario de la Corporación A.M.A.R.",199,"Fundación de ayuda al niño oncológico Casa de la Sagrada Familia",1050000,"low","11-20-2015","11","20","2015"
"200","Optimización de la gestión integral de niñas y adolescentes del hogar de protección Villa Yarur Banna",200,"Fundación de ayuda al niño oncológico Casa de la Sagrada Familia",238600000,"high","10-26-2015","10","26","2015"
"201","Manejo integral de heridas, mejorando la calidad de vida de los niños con Piel de Cristal",201,"Fundación de ayuda al niño oncológico Casa de la Sagrada Familia",12256000,"medium","07-14-2015","07","14","2015"
"202","PREVENIR EDUCANDO",202,"Fundación de ayuda al niño oncológico Casa de la Sagrada Familia",11995000,"low","04-01-2015","04","01","2015"
"203","Capacitación en talleres integrales de oficio a Niños, Niñas y Adolescentes que viven en Centros de Protección de SENAME CREAD Pudahuel",203,"Fundación de ayuda al niño oncológico Casa de la Sagrada Familia",12800000,"medium","03-18-2015","03","18","2015"
"204","FORMACION Y CAPACITACION PARA LA INCLUSION SOCIAL, MOTIVACION Y PRODUCTIVIDAD",204,"Fundación de ayuda al niño oncológico Casa de la Sagrada Familia",3100000,"low","06-02-2015","06","02","2015"
"205","Inserción a la Educación Técnica Superior",205,"Fundación de ayuda al niño oncológico Casa de la Sagrada Familia",309258640,"high","01-31-2015","01","31","2015"
"206","Programas Prevención a la Deserción Escolar",206,"Fundación de ayuda al niño oncológico Casa de la Sagrada Familia",402926472,"high","01-31-2015","01","31","2015"
"207","Cancha de Futbolito Escuela Basica Charruna",207,"Fundación de ayuda al niño oncológico Casa de la Sagrada Familia",14055090,"medium","12-24-2015","12","24","2015"
"208","MICROPROYECTO CAMPAMENTO IRENE FREI, ESTACION CENTRAL",208,"Fundación de ayuda al niño oncológico Casa de la Sagrada Familia",2e+06,"low","09-21-2015","09","21","2015"
"209","Centro Calle",209,"Fundación de ayuda al niño oncológico Casa de la Sagrada Familia",52097232,"high","01-20-2015","01","20","2015"
"210","Fortalecimiento Organizacional Barrial en Gabriela Mistral - La Palma",210,"Fundación de ayuda al niño oncológico Casa de la Sagrada Familia",42300000,"medium","07-13-2015","07","13","2015"
"211","Fortalecimiento Organizacional Barrial en Patria Nueva - El Rodeo",211,"Fundación de ayuda al niño oncológico Casa de la Sagrada Familia",6e+07,"high","08-14-2015","08","14","2015"
"212","Fortalecimiento Organizacional Barrial en Ramaditas.",212,"Fundación de ayuda al niño oncológico Casa de la Sagrada Familia",1e+08,"high","07-13-2015","07","13","2015"
"213","Fortalecimiento Organizacional Barrial en el Barrio Los Presidentes de Chile",213,"Fundación de ayuda al niño oncológico Casa de la Sagrada Familia",6e+07,"high","12-30-2015","12","30","2015"
"214","JAB El Castillo, promoviendo la integración y
articulando redes de inversión pública y privada",214,"Fundación de ayuda al niño oncológico Casa de la Sagrada Familia",7762160,"low","04-13-2015","04","13","2015"
"215","Mejoramiento Equipamiento Comunitario para los Vecinos de la población Tomás Gauglen, Rancagua",215,"Fundación de ayuda al niño oncológico Casa de la Sagrada Familia",4e+07,"medium","11-12-2015","11","12","2015"
"216","Organizaciones comunitarias población La Pincoya: Liderando el cambio",216,"Fundación de ayuda al niño oncológico Casa de la Sagrada Familia",5e+05,"low","06-01-2015","06","01","2015"
"217","Promocion y Articulacion social en Heroes del Mar",217,"Fundación de ayuda al niño oncológico Casa de la Sagrada Familia",6e+07,"high","05-18-2015","05","18","2015"
"218","Promoviendo la Integracion Territorial de Barrios: Juntos Levantamos la Parte Alta de Coquimbo",218,"Fundación de ayuda al niño oncológico Casa de la Sagrada Familia",182900000,"high","06-14-2015","06","14","2015"
"219","Operacion de Programas Terapeuticos Residenciales Adultos La Manresa, San Francisco y Santa Ana",220,"Fundación de ayuda al niño oncológico Casa de la Sagrada Familia",650443782,"high","01-31-2015","01","31","2015"
"220","Operación de Programas Terapéuticos Ambulatorios para Adolescentes",221,"Fundación de ayuda al niño oncológico Casa de la Sagrada Familia",136163082,"high","01-31-2015","01","31","2015"
"221","Actividad Física, Deporte e Inclusión",222,"Fundación de ayuda al niño oncológico Casa de la Sagrada Familia",5e+06,"low","07-15-2015","07","15","2015"
"222","Apoyo a Empresas para la Inclusión Laboral de Personas con Discapacidad",223,"Fundación de ayuda al niño oncológico Casa de la Sagrada Familia",2250000,"low","07-15-2015","07","15","2015"
"223","Ayudalos a seguir soñando",224,"Fundación de ayuda al niño oncológico Casa de la Sagrada Familia",1500000,"low","09-24-2015","09","24","2015"
"224","Apoyo a la integracion social e insercion Laboral de jovenes con  Discapacidad Cognitiva  Leve a Moderada",225,"Fundación de ayuda al niño oncológico Casa de la Sagrada Familia",960000,"low","06-05-2015","06","05","2015"
"225","Centro Diurno de Rehabilitación para niños, niñas, jóvenes y adultos en situación de discapacidad",226,"Fundación de ayuda al niño oncológico Casa de la Sagrada Familia",16504000,"medium","08-28-2015","08","28","2015"
"226","Residencia grupal para adultos con discapacidad en Curicó",227,"Fundación de ayuda al niño oncológico Casa de la Sagrada Familia",3e+05,"low","09-28-2015","09","28","2015"
"227","Desarrollo Proyecto Agua Potable Callaqui",228,"Fundación de ayuda al niño oncológico Casa de la Sagrada Familia",2e+08,"high","10-26-2015","10","26","2015"
"228","Mejorando Las Residencias de Protección para PCDI",229,"Fundación de ayuda al niño oncológico Casa de la Sagrada Familia",19179515,"medium","03-10-2015","03","10","2015"
"229","Mejorando la Calidad de Educación para PCDI",230,"Fundación de ayuda al niño oncológico Casa de la Sagrada Familia",6600000,"low","07-02-2015","07","02","2015"
"230","Síndrome de Down y proyecto de vida inclusiva",231,"Fundación de ayuda al niño oncológico Casa de la Sagrada Familia",57644753,"high","04-09-2015","04","09","2015"
"231","Activarse",232,"Fundación de ayuda al niño oncológico Casa de la Sagrada Familia",60581336,"high","12-01-2015","12","01","2015"
"232","Aprender",233,"Fundación de ayuda al niño oncológico Casa de la Sagrada Familia",26502288,"medium","12-30-2015","12","30","2015"
"233","Reforzamiento de las acciones de Fundación Cristo Vive (FCV), destinadas a la superación de la pobreza de sectores vulnerables de la Región Metropolitana, a través de la reestructuración y modernización de la Administración Central de la institución",234,"Fundación de ayuda al niño oncológico Casa de la Sagrada Familia",54920000,"high","01-09-2015","01","09","2015"
"234","Manejo Integral de heridas, Mejorando la calidad de vida de los Niños Piel de Cristal",235,"Fundación de ayuda al niño oncológico Casa de la Sagrada Familia",24841486,"medium","02-03-2015","02","03","2015"
"235","Fondo Descúbreme",236,"Fundación de ayuda al niño oncológico Casa de la Sagrada Familia",9e+07,"high","01-19-2015","01","19","2015"
"236","Programa de Empresa inclusiva Anofagasta",237,"Fundación de ayuda al niño oncológico Casa de la Sagrada Familia",67200000,"high","03-23-2015","03","23","2015"
"237","Programa de mejora continua en calidad pedagógica inicial",238,"Fundación de ayuda al niño oncológico Casa de la Sagrada Familia",25603176,"medium","12-28-2015","12","28","2015"
"238","Rescate Lector",239,"Fundación de ayuda al niño oncológico Casa de la Sagrada Familia",52300000,"high","03-17-2015","03","17","2015"
"239","Programa de Becas CFT (Centros de Formación Técnica) para ex alumnos de Belén Educa",240,"Fundación de ayuda al niño oncológico Casa de la Sagrada Familia",1223000,"low","12-31-2015","12","31","2015"
"240","Jardín Infantíl y Centro de Familia Colina",241,"Fundación de ayuda al niño oncológico Casa de la Sagrada Familia",107924407,"high","05-31-2015","05","31","2015"
"241","Programa Capacitación Oportunidad Temprana",242,"Fundación de ayuda al niño oncológico Casa de la Sagrada Familia",16220000,"medium","11-17-2015","11","17","2015"
"242","Programa de Mejora Continua QUIK _ Los Ríos",243,"Fundación de ayuda al niño oncológico Casa de la Sagrada Familia",45741666,"medium","03-27-2015","03","27","2015"
"243","Apoyo en Infraestructura para lograr Educación de Calidad",244,"Fundación de ayuda al niño oncológico Casa de la Sagrada Familia",24100000,"medium","12-29-2015","12","29","2015"
"244","Apoyo Personal Trabajador Social Especializado",245,"Fundación de ayuda al niño oncológico Casa de la Sagrada Familia",4221329,"low","03-31-2015","03","31","2015"
"245","Programa Semana Empresa, pilotaje programa anual",246,"Fundación de ayuda al niño oncológico Casa de la Sagrada Familia",42498621,"medium","09-17-2015","09","17","2015"
"246","Programa de acompañamiento y mejora en establecimientos",247,"Fundación de ayuda al niño oncológico Casa de la Sagrada Familia",4e+06,"low","01-15-2015","01","15","2015"
"247","Generando las condiciones para la mejora de la calidad del Colegio José Antonio Lecaros",248,"Fundación de ayuda al niño oncológico Casa de la Sagrada Familia",47698622,"high","03-19-2015","03","19","2015"
"248","Formación y acompañamiento de profesionales de Enseña Chile para el trabajo en colegios vulnerables durante los años 2015, 2016 y 2017 y selección de profesionales de Enseña Chile para el trabajo en colegios vulnerables durante los años 2016, 2017 y 2018",249,"Fundación de ayuda al niño oncológico Casa de la Sagrada Familia",611025342,"high","01-26-2015","01","26","2015"
"249","Fútbol Más: Escuela de Fútbol y Valores II",250,"Fundación de ayuda al niño oncológico Casa de la Sagrada Familia",338659882,"high","02-18-2015","02","18","2015"
"250","Ampliación colegio salas multiuso y baños",251,"Fundación de ayuda al niño oncológico Casa de la Sagrada Familia",1e+06,"low","12-28-2015","12","28","2015"
"251","Atención multidisciplinaria a lactantes y preescolares vulnerados en sus derechos",252,"Fundación de ayuda al niño oncológico Casa de la Sagrada Familia",71792115,"high","01-02-2015","01","02","2015"
"252","Restitución del derecho a vivir en familia a lactantes y preescolares vulnerados en sus derechos",253,"Fundación de ayuda al niño oncológico Casa de la Sagrada Familia",2.5e+07,"medium","12-30-2015","12","30","2015"
"253","Jardín Terapeutico Pequeño Cottolengo",254,"Fundación de ayuda al niño oncológico Casa de la Sagrada Familia",5e+06,"low","12-22-2015","12","22","2015"
"254","Naturalizar Educativamente Jardines Infantiles Etapa IV",255,"Fundación de ayuda al niño oncológico Casa de la Sagrada Familia",67475079,"high","12-28-2015","12","28","2015"
"255","Primavera del Cottolengo Etapa II",256,"Fundación de ayuda al niño oncológico Casa de la Sagrada Familia",10249253,"low","09-30-2015","09","30","2015"
"256","Primavera del Cottolengo Etapa III",257,"Fundación de ayuda al niño oncológico Casa de la Sagrada Familia",26449930,"medium","12-28-2015","12","28","2015"
"257","Habilitación de Áreas Verdes Hospital Salvador",258,"Fundación de ayuda al niño oncológico Casa de la Sagrada Familia",1e+07,"low","05-18-2015","05","18","2015"
"258","Semana Empresa - Una experiencia educativa de inducción al Mundo Laboral",259,"Fundación de ayuda al niño oncológico Casa de la Sagrada Familia",6e+06,"low","07-28-2015","07","28","2015"
"259","Crecer Jugando",260,"Fundación de ayuda al niño oncológico Casa de la Sagrada Familia",150000,"low","12-28-2015","12","28","2015"
"260","Gestión y Acompañamiento Proyectos América Solidaria",261,"Fundación de ayuda al niño oncológico Casa de la Sagrada Familia",454000,"low","12-30-2015","12","30","2015"
"261","Atención Técnica Directa al Adulto Mayor Institucionalizado",262,"Fundación de ayuda al niño oncológico Casa de la Sagrada Familia",1499536619,"high","01-27-2015","01","27","2015"
"262","DISEÑO Y CONSTRUCCIÓN DE UN ELEAM EN LA COMUNA DE BUIN",263,"Fundación de ayuda al niño oncológico Casa de la Sagrada Familia",1.68e+08,"high","07-30-2015","07","30","2015"
"263","FINANCIAMIENTO GASTOS  DE OPERACION 40 ELEAM PARA EL PERIODO 2014",264,"Fundación de ayuda al niño oncológico Casa de la Sagrada Familia",6e+06,"low","11-30-2015","11","30","2015"
"264","PER AMOR, PAZ Y ALEGRIA",265,"Fundación de ayuda al niño oncológico Casa de la Sagrada Familia",1950000,"low","11-20-2015","11","20","2015"
"265","PER CASA DE LAURA PUERTO MONTT",266,"Fundación de ayuda al niño oncológico Casa de la Sagrada Familia",5e+06,"low","06-10-2015","06","10","2015"
"266","PER CASA DE LAURA SANTIAGO",267,"Fundación de ayuda al niño oncológico Casa de la Sagrada Familia",2e+05,"low","11-30-2015","11","30","2015"
"267","Empleo con apoyo en trabajos competitivos para personas con Discapacidad Intelectual",268,"Fundación de ayuda al niño oncológico Casa de la Sagrada Familia",5e+05,"low","03-03-2015","03","03","2015"
"268","Acogida a niños enfermos de regiones, en hogares M.J, S.R y R.P",269,"Fundación de ayuda al niño oncológico Casa de la Sagrada Familia",3918660,"low","12-23-2015","12","23","2015"
"269","17  PLAZAS R.M. SAN BERNARDO Y LA FLORIDA",270,"Fundación de ayuda al niño oncológico Casa de la Sagrada Familia",39650000,"medium","09-07-2015","09","07","2015"
"270","19  PLAZAS REGION METROPOLITANA",271,"Fundación de ayuda al niño oncológico Casa de la Sagrada Familia",37795000,"medium","05-05-2015","05","05","2015"
"271","21  PLAZAS  R.M. COLINA-CERRILLO Y LAMPA",272,"Fundación de ayuda al niño oncológico Casa de la Sagrada Familia",85114590,"high","10-26-2015","10","26","2015"
"272","Areas Verdes - Rancagua",273,"Fundación de ayuda al niño oncológico Casa de la Sagrada Familia",12500000,"medium","08-28-2015","08","28","2015"
"273","Areas Verdes Educativas",274,"Fundación de ayuda al niño oncológico Casa de la Sagrada Familia",44650000,"medium","01-02-2015","01","02","2015"
"274","CANCHAS PARA CHILE",275,"Fundación de ayuda al niño oncológico Casa de la Sagrada Familia",262875221,"high","11-27-2015","11","27","2015"
"275","CANCHAS PARA CHILE, RENCA",276,"Fundación de ayuda al niño oncológico Casa de la Sagrada Familia",2e+07,"medium","11-13-2015","11","13","2015"
"276","ESCALERA BUENA VENTURA ARGANDOÑA, COQUIMBO",277,"Fundación de ayuda al niño oncológico Casa de la Sagrada Familia",3e+07,"medium","04-10-2015","04","10","2015"
"277","JARDIN INFANTIL LAS AZUCENAS",278,"Fundación de ayuda al niño oncológico Casa de la Sagrada Familia",8e+06,"low","10-28-2015","10","28","2015"
"278","JARDIN INFANTIL TAI-TAI",279,"Fundación de ayuda al niño oncológico Casa de la Sagrada Familia",7e+06,"low","01-30-2015","01","30","2015"
"279","OCHOS PLAZAS, REGION METROPOLITANA",280,"Fundación de ayuda al niño oncológico Casa de la Sagrada Familia",11200000,"low","08-10-2015","08","10","2015"
"280","PARQUE BERNARDO OHIGGINS LLAY LLAY",281,"Fundación de ayuda al niño oncológico Casa de la Sagrada Familia",19826000,"medium","01-23-2015","01","23","2015"
"281","PATIO EDUCATIVO ESCUELA JOSE JOAQUIN
PRIETO, LA PINTANA",282,"Fundación de ayuda al niño oncológico Casa de la Sagrada Familia",25570000,"medium","12-04-2015","12","04","2015"
"282","PLAZA EL MOLINO, CASA BLANCA",283,"Fundación de ayuda al niño oncológico Casa de la Sagrada Familia",16237500,"medium","06-19-2015","06","19","2015"
"283","PLAZA ESMERALDA, COLINA",284,"Fundación de ayuda al niño oncológico Casa de la Sagrada Familia",1.2e+07,"low","12-30-2015","12","30","2015"
"284","PLAZA LIMPIA CENTRO NORTE",285,"Fundación de ayuda al niño oncológico Casa de la Sagrada Familia",20147148,"medium","01-27-2015","01","27","2015"
"285","PLAZA LONCURA, QUINTERO",286,"Fundación de ayuda al niño oncológico Casa de la Sagrada Familia",2.7e+07,"medium","11-06-2015","11","06","2015"
"286","Parque Las Turbinas",287,"Fundación de ayuda al niño oncológico Casa de la Sagrada Familia",77291895,"high","12-09-2015","12","09","2015"
"287","Plaza La Africana",288,"Fundación de ayuda al niño oncológico Casa de la Sagrada Familia",3200000,"low","04-02-2015","04","02","2015"
"288","Plazas Deportivas Valparaíso",289,"Fundación de ayuda al niño oncológico Casa de la Sagrada Familia",152012679,"high","02-12-2015","02","12","2015"
"289","Recuperación y Habilitación de áreas verdes en quebrada Corvallis y Cantera, Antofagasta",290,"Fundación de ayuda al niño oncológico Casa de la Sagrada Familia",247010000,"high","06-15-2015","06","15","2015"
"290","Diseño de arquitectura, ingeniería y
especialidades Alhue",291,"Fundación de ayuda al niño oncológico Casa de la Sagrada Familia",10080000,"low","02-01-2015","02","01","2015"
"291","Fomento a la Cultura y Tradiciones en Alhué",292,"Fundación de ayuda al niño oncológico Casa de la Sagrada Familia",4e+05,"low","12-29-2015","12","29","2015"
"292","Fomento al desarrollo local en Taltal",293,"Fundación de ayuda al niño oncológico Casa de la Sagrada Familia",24349705,"medium","12-29-2015","12","29","2015"
"293","Fomento al desarrollo y emprendimiento en Alhué",294,"Fundación de ayuda al niño oncológico Casa de la Sagrada Familia",54259593,"high","06-15-2015","06","15","2015"
"294","Gestión e Integración Educativa en Alhué",295,"Fundación de ayuda al niño oncológico Casa de la Sagrada Familia",43127128,"medium","12-01-2015","12","01","2015"
"295","Gestión e Integración Educativa en Taltal",296,"Fundación de ayuda al niño oncológico Casa de la Sagrada Familia",28005477,"medium","12-29-2015","12","29","2015"
"296","Mejoramiento Calidad de Vida de los Habitates de Alhué",297,"Fundación de ayuda al niño oncológico Casa de la Sagrada Familia",55858548,"high","07-22-2015","07","22","2015"
"297","Mejoramiento de la calidad de vida de los habitantes de Tal Tal",298,"Fundación de ayuda al niño oncológico Casa de la Sagrada Familia",43192656,"medium","12-29-2015","12","29","2015"
"298","asa de Acogida e Inclusión para personas con Discapacidad Misión de Amor",299,"Fundación de ayuda al niño oncológico Casa de la Sagrada Familia",55100000,"high","12-21-2015","12","21","2015"
"299","Programa de Apoyo Multidisciplinario",300,"Fundación de ayuda al niño oncológico Casa de la Sagrada Familia",1.4e+07,"medium","12-15-2015","12","15","2015"
"300","Construcción Nuevo Hogar Buen Camino y Reforzamiento de Intervencion en Niños",301,"Fundación de ayuda al niño oncológico Casa de la Sagrada Familia",6400000,"low","12-18-2015","12","18","2015"
"301","Colegio San Alberto",302,"Fundación de ayuda al niño oncológico Casa de la Sagrada Familia",5890000,"low","08-31-2015","08","31","2015"
"302","Programa Paz Educa",303,"Fundación de ayuda al niño oncológico Casa de la Sagrada Familia",15333333,"medium","12-31-2015","12","31","2015"
"303","Programa de Prevención de Violencia Escolar",304,"Fundación de ayuda al niño oncológico Casa de la Sagrada Familia",7666667,"low","05-26-2015","05","26","2015"
"304","Centro Diurno",305,"Fundación de ayuda al niño oncológico Casa de la Sagrada Familia",120163431,"high","05-31-2015","05","31","2015"
"305","Financiamiento Operación Centro de Rehabilitación Laboral (CRL)",306,"Fundación de ayuda al niño oncológico Casa de la Sagrada Familia",9464534,"low","01-31-2015","01","31","2015"
"306","Financiamiento Operación del programa Apoyo familiar (PAFAM)",307,"Fundación de ayuda al niño oncológico Casa de la Sagrada Familia",26546837,"medium","01-31-2015","01","31","2015"
"307","Financiamiento Operación del programa Centro de Larga Estadía (CLE)",308,"Fundación de ayuda al niño oncológico Casa de la Sagrada Familia",82031000,"high","01-31-2015","01","31","2015"
"308","Hogar Protegido",309,"Fundación de ayuda al niño oncológico Casa de la Sagrada Familia",1e+06,"low","07-31-2015","07","31","2015"
"309","Proyecto Abtao",310,"Fundación de ayuda al niño oncológico Casa de la Sagrada Familia",61300500,"high","06-30-2015","06","30","2015"
"310","Residencia Protegida",311,"Fundación de ayuda al niño oncológico Casa de la Sagrada Familia",78829737,"high","05-31-2015","05","31","2015"
"311","Salud Mental",312,"Fundación de ayuda al niño oncológico Casa de la Sagrada Familia",160000,"low","05-31-2015","05","31","2015"
"312","Tengo Derecho a Vivir en Familia",313,"Fundación de ayuda al niño oncológico Casa de la Sagrada Familia",43360969,"medium","01-05-2015","01","05","2015"
"313","BIENVENIDA EN LA FRONTERA: PROGRAMA DE ASISTENCIA SOCIO-JURÍDICA",314,"Fundación de ayuda al niño oncológico Casa de la Sagrada Familia",4e+07,"medium","12-17-2015","12","17","2015"
"314","Programa Integra Chile",315,"Fundación de ayuda al niño oncológico Casa de la Sagrada Familia",1379812,"low","01-08-2015","01","08","2015"
"315","Acción Sonrisas: Nuevas sonrisas para nuevos chilenos y chilenas",316,"Fundación de ayuda al niño oncológico Casa de la Sagrada Familia",5260176,"low","11-23-2015","11","23","2015"
"316","Desarrollo empresarial para micro y pequeños empresas de las regiones II, III, V, RM",317,"Fundación de ayuda al niño oncológico Casa de la Sagrada Familia",12095457,"low","06-25-2015","06","25","2015"
"317","Programa de Capactitación y Potenciamiento pa",318,"Fundación de ayuda al niño oncológico Casa de la Sagrada Familia",413078742,"high","08-26-2015","08","26","2015"
"318","PROYECTO REGIONAL BIO BIO",319,"Fundación de ayuda al niño oncológico Casa de la Sagrada Familia",2110000,"low","06-13-2015","06","13","2015"
"319","Proyecto Regional Metropolitano",320,"Fundación de ayuda al niño oncológico Casa de la Sagrada Familia",2.62e+08,"high","01-25-2015","01","25","2015"
"320","TRABAJO PERMANENTE DE ORGANIZACIÓN COMUNITARIA EN CAMPAMENTO",321,"Fundación de ayuda al niño oncológico Casa de la Sagrada Familia",275688976,"high","01-01-2015","01","01","2015"
"321","Construyendo Nuevos Barrios de Vivienda Social",322,"Fundación de ayuda al niño oncológico Casa de la Sagrada Familia",132344591,"high","01-30-2015","01","30","2015"
"322","Desarrollo de espacios comunitarios deportivos en cerro navia",323,"Fundación de ayuda al niño oncológico Casa de la Sagrada Familia",2e+08,"high","12-30-2015","12","30","2015"
"323","Mi Barrio Sustentable 2015",324,"Fundación de ayuda al niño oncológico Casa de la Sagrada Familia",77500000,"high","04-09-2015","04","09","2015"
"324","Empleo con apoyo para personas en situacion de calle de las regiones de: Valparaiso, Santiago y Bio Bio",325,"Fundación de ayuda al niño oncológico Casa de la Sagrada Familia",37852049,"medium","01-31-2015","01","31","2015"
"325","Entrega de Creditos y Capacitacion de 20.553 emprendedoras/es de la Zona Norte, V Region, Colina, Lampa y Til Til",326,"Fundación de ayuda al niño oncológico Casa de la Sagrada Familia",120216000,"high","03-31-2015","03","31","2015"
"326","Programa de Intermediacion y Acompañamiento Laboral para Colectivos en Desventajas para las regiones de Bio Bio",327,"Fundación de ayuda al niño oncológico Casa de la Sagrada Familia",16038022,"medium","08-31-2015","08","31","2015"
"327","Financiamiento Operación Red de Hospederías",328,"Fundación de ayuda al niño oncológico Casa de la Sagrada Familia",28445550,"medium","12-31-2015","12","31","2015"
"328","Financiamiento Residencia Adulto Mayor",329,"Fundación de ayuda al niño oncológico Casa de la Sagrada Familia",5962148851,"high","01-31-2015","01","31","2015"
"329","MEJORAMIENTO Y OPERACIÓN RED CEAM",330,"Fundación de ayuda al niño oncológico Casa de la Sagrada Familia",1500650722,"high","09-30-2015","09","30","2015"
"330","MEJORAMIENTO Y OPERACIÓN RED PADAM",331,"Fundación de ayuda al niño oncológico Casa de la Sagrada Familia",1683121673,"high","09-30-2015","09","30","2015"
"331","Operación y mejoramiento red de Jardines Infantiles y Salas Cunas",332,"Fundación de ayuda al niño oncológico Casa de la Sagrada Familia",105743729,"high","12-31-2015","12","31","2015"
"332","Reparación y Ampliación Jardín Infantil Los Patroncitos de Tocopilla",333,"Fundación de ayuda al niño oncológico Casa de la Sagrada Familia",1.75e+08,"high","12-31-2015","12","31","2015"
"333","Remodelación y ampliación de Centro de Apoyo a la Familia Policlinico El Salto",334,"Fundación de ayuda al niño oncológico Casa de la Sagrada Familia",9e+07,"high","02-11-2015","02","11","2015"
"334","Mini Startups: Programa Desarrollo de Competencias de Emprendimiento Innovador en Alumnos y Profesores de Enseñanza Media de la Región de Coquimbo",335,"Fundación de ayuda al niño oncológico Casa de la Sagrada Familia",6750000,"low","09-30-2015","09","30","2015"
"335","Programa de Emprendimiento para Internos del Centro CIP-CRC en las Compañías, La Serena",336,"Fundación de ayuda al niño oncológico Casa de la Sagrada Familia",8289910,"low","05-25-2015","05","25","2015"
"336","Programa de Emprendimiento para Internos del Centro Penitenciario de Huachalalume, Región de Coquimbo",337,"Fundación de ayuda al niño oncológico Casa de la Sagrada Familia",8470000,"low","04-21-2015","04","21","2015"
"337","Construye Tu Futuro",338,"Fundación de ayuda al niño oncológico Casa de la Sagrada Familia",22274828,"medium","05-26-2015","05","26","2015"
"338","Residencia María Reina de los Apóstoles",339,"Fundación de ayuda al niño oncológico Casa de la Sagrada Familia",113465647,"high","10-05-2015","10","05","2015"
"339","Residencia Mixta María Ayuda Viña",340,"Fundación de ayuda al niño oncológico Casa de la Sagrada Familia",14222950,"medium","02-16-2015","02","16","2015"
"340","Residencia Navidad",341,"Fundación de ayuda al niño oncológico Casa de la Sagrada Familia",1700000,"low","10-22-2015","10","22","2015"
"341","Residencia Niñas María Ayuda Rancagua",342,"Fundación de ayuda al niño oncológico Casa de la Sagrada Familia",73240000,"high","09-23-2015","09","23","2015"
"342","Residencia Nuestra Señora de la Anunciación",343,"Fundación de ayuda al niño oncológico Casa de la Sagrada Familia",3344073,"low","10-05-2015","10","05","2015"
"343","Residencia Nuestra Señora de la Esperanza",344,"Fundación de ayuda al niño oncológico Casa de la Sagrada Familia",5e+05,"low","12-09-2015","12","09","2015"
"344","Residencia Padre Hernán",345,"Fundación de ayuda al niño oncológico Casa de la Sagrada Familia",30460000,"medium","02-23-2015","02","23","2015"
"345","Residencia San José",346,"Fundación de ayuda al niño oncológico Casa de la Sagrada Familia",5e+05,"low","01-31-2015","01","31","2015"
"346","Residencia Villa Santa María del Bosque",347,"Fundación de ayuda al niño oncológico Casa de la Sagrada Familia",515867128,"high","01-28-2015","01","28","2015"
"347","Red Innovacien",348,"Fundación de ayuda al niño oncológico Casa de la Sagrada Familia",9460000,"low","01-09-2015","01","09","2015"
"348","Talleres de educación tecnológica sustentable",349,"Fundación de ayuda al niño oncológico Casa de la Sagrada Familia",23780000,"medium","05-28-2015","05","28","2015"
"349","CONSTRUYENDO MI FUTURO II: CRECER ESTA EN TUS MANOS",350,"Fundación de ayuda al niño oncológico Casa de la Sagrada Familia",36500000,"medium","05-29-2015","05","29","2015"
"350","Construyendo mi Futuro",351,"Fundación de ayuda al niño oncológico Casa de la Sagrada Familia",12350000,"medium","05-11-2015","05","11","2015"
"351","Beca Social para estudiantes Guaitecas",352,"Fundación de ayuda al niño oncológico Casa de la Sagrada Familia",41220000,"medium","05-07-2015","05","07","2015"
"352","Red de Formación y Trabajo para el Sur Austral de Chile",353,"Fundación de ayuda al niño oncológico Casa de la Sagrada Familia",154692955,"high","01-05-2015","01","05","2015"
"353","Unidos por la Salud de los Niños",354,"Fundación de ayuda al niño oncológico Casa de la Sagrada Familia",36276300,"medium","02-04-2015","02","04","2015"
"354","Hogar San Francisco de Borja",355,"Fundación de ayuda al niño oncológico Casa de la Sagrada Familia",1e+07,"low","12-30-2015","12","30","2015"
"355","Atención directa a niños y niñas vulnerada (as) en centro de protección simple. “Residencia Angeles Custodios",356,"Fundación de ayuda al niño oncológico Casa de la Sagrada Familia",4e+07,"medium","05-27-2015","05","27","2015"
"356","Clinica Siria Movil en tu Colegio: Dientes Sanos, Niños Sanos",357,"Fundación de ayuda al niño oncológico Casa de la Sagrada Familia",12700000,"medium","06-23-2015","06","23","2015"
"357","Derecho a la Educacion para Todos: Mejoramiento y operación de 5 Escuelas de Reinsercion Educativa",358,"Fundación de ayuda al niño oncológico Casa de la Sagrada Familia",239881585,"high","01-31-2015","01","31","2015"
"358","Apadrinamiento de niños en alto riesgo social",359,"Asociación Benéfica Cristiana Promotora de Desarrollo Integral",20475629,"medium","04-06-2016","04","06","2016"
"359","Programa Emprende mamá",360,"Asociación de Damas Salesianas",3e+06,"low","12-29-2016","12","29","2016"
"360","Proyecto n°2 de Financiamiento de Gasto Operacional de",361,"COANIQUEM",1113313,"low","01-29-2016","01","29","2016"
"361","Casa Escuela Naim",362,"CORPORACIÓN NUESTRA AYUDA INSPIRADA",1e+07,"low","09-05-2016","09","05","2016"
"362","Rehabilitación de Personas de Escasos Recursos con Adicción a las Drogas",363,"Casa de Acogida La Esperanza",260290215,"high","01-18-2016","01","18","2016"
"363","Centro de Desarrollo Integral, Sede Colina",364,"Corporación Crece Chile",11450000,"low","05-20-2016","05","20","2016"
"364","Centro de Desarrollo Integral, Sede Maipú",365,"Corporación Crece Chile",1500000,"low","07-13-2016","07","13","2016"
"365","Jardín Infantil Los Manzanos",366,"Corporación Crece Chile",1500000,"low","09-21-2016","09","21","2016"
"366","Optimizacion de la Gestion Integral del Hogar de Proteccion",367,"Corporación Crédito al Menor",237115099,"high","01-30-2016","01","30","2016"
"367","Construcción CREE Cerro Navia",368,"Corporación Educacional Equipo y Excelencia",317748915,"high","04-24-2016","04","24","2016"
"368","Cuidado Infantil Educación y Participación",369,"Corporación Educacional y de Beneficencia Cristo Joven",138053864,"high","04-05-2016","04","05","2016"
"369","Fortalecimiento de una actitud emprendedora en niños, jóvenes y adultos",370,"Corporación Forja Chile",360000,"low","02-26-2016","02","26","2016"
"370","Fortalecimiento de una actitud emprendedora en niños.",371,"Corporación Forja Chile",36470000,"medium","02-26-2016","02","26","2016"
"371","La educación superior se acerca a la Pincoya",372,"Corporación Formando Chile",5e+06,"low","10-27-2016","10","27","2016"
"372","CICLOTURISMO  Y AVENTURA EN TIL TIL",373,"Corporación La Montaña",3862236,"low","04-27-2016","04","27","2016"
"373","Descubriendo la naturaleza de Til Til",374,"Corporación La Montaña",300371,"low","04-27-2016","04","27","2016"
"374","Perros de Asistencia Judicial en Tribunales",375,"Corporación Nacional de Fomento a la integracion Animal en la Rehabilitacion (CONFIAR)",60001154,"high","05-30-2016","05","30","2016"
"375","Apoyo Emocional a Mujeres con Cáncer de Mama",376,"Corporación Yo Mujer",83960795,"high","01-05-2016","01","05","2016"
"376","Centro de Diagnostico Renal infantil MATER",377,"Corporación de Ayuda al Niño Enfermo Renal Mater",392939418,"high","03-09-2016","03","09","2016"
"377","Terapeuta Ocupacional para mejorar el desarrollo",378,"Corporación de Beneficencia Niños de Puerto",742448,"low","10-20-2016","10","20","2016"
"378","Fortalecimiento Organizaciones Sociales que prestan servicios a Personas de Escasos Recursos",379,"Corporación de Organizaciones Solidarias",29500210,"medium","08-17-2016","08","17","2016"
"379","Implementación del Centro de Rehabilitación Comunitario de la Corporación A.M.A.R.",380,"Corporación de la Discapacidad de San Jaoquín, A.M.A.R.",3200000,"low","02-04-2016","02","04","2016"
"380","PREVENIR EDUCANDO",381,"F.RUPERTO LECAROS I.",7800000,"low","01-04-2016","01","04","2016"
"381","PREVENIR EDUCANDO DOS",382,"F.RUPERTO LECAROS I.",1.3e+07,"medium","08-02-2016","08","02","2016"
"382","Academia De Verano",383,"FUNDACION CONSEJO DE CURSO",12500000,"medium","11-30-2016","11","30","2016"
"383","DESARROLLO DE BIBLIOTECAS DE AULA CREATIVAS",384,"FUNDACION HILA",6e+06,"low","12-28-2016","12","28","2016"
"384","INTERESCOLAR INCLUSIVO",385,"FUNDACION INCLUYAMOS",2.1e+07,"medium","11-17-2016","11","17","2016"
"385","APOYO AL EMPRENDIMIENTO AGROPECUARIO DE 30",386,"FUNDACION LIDERANDO EMPREDIMIENTO",139134255,"high","11-18-2016","11","18","2016"
"386","Apoyo a la Artesanía Mapuche",387,"FUNDACION LIDERANDO EMPREDIMIENTO",52780222,"high","09-09-2016","09","09","2016"
"387","Cancha de Futbolito Escuela Basica Charruna",388,"FUNDACION LIDERANDO EMPREDIMIENTO",14055090,"medium","05-27-2016","05","27","2016"
"388","Circuito Vital",389,"FUNDACION LIDERANDO EMPREDIMIENTO",16414182,"medium","06-17-2016","06","17","2016"
"389","RECUPERACION DE LA RUTA FLUVIAL DEL RIO IMPERIAL",390,"FUNDACION LIDERANDO EMPREDIMIENTO",36043089,"medium","11-18-2016","11","18","2016"
"390","SEDE SOCIAL Y RECICLAJE COMUNITARIO",391,"FUNDACION LIDERANDO EMPREDIMIENTO",29296167,"medium","10-12-2016","10","12","2016"
"391","Educación Financiera en microcampamentos",392,"FUNDACION TRABAJO EN LA CALLE",2220000,"low","08-30-2016","08","30","2016"
"392","Prerograma de Intervencion en adolescentes y jovenes en",393,"Fundacion Abrazarte",1100000,"low","12-01-2016","12","01","2016"
"393","Programa de Intervencion en adolescentes y jovenes en",394,"Fundacion Abrazarte",26750000,"medium","01-06-2016","01","06","2016"
"394","Manejo integral de heridas, mejorando la calidad de vida de los niños con Piel de Cristal",395,"Fundacion Uniendo Mundos SS.CC",21381798,"medium","01-15-2016","01","15","2016"
"395","Somos Inclusión",397,"Fundación Abrazo Fraterno",17860310,"medium","10-23-2016","10","23","2016"
"396","Centro Diurno de Rehabilitación para Personas en Situación de Discapacidad",399,"Fundación Amigos de Jesús",46714695,"medium","06-14-2016","06","14","2016"
"397","Centro Diurno de Rehabilitación para niños, niñas, jóvenes y adultos en situación de discapacidad",400,"Fundación Amigos de Jesús",32371166,"medium","01-28-2016","01","28","2016"
"398","Agua Potable Callaqui",401,"Fundación Amulén",2e+08,"high","12-22-2016","12","22","2016"
"399","Desarrollo Proyecto Agua Potable Callaqui",402,"Fundación Amulén",5.7e+07,"high","05-03-2016","05","03","2016"
"400","Mejorando las residencias de protección, para personas con Discapacidad Intelectual de la Fundación Coanil",403,"Fundación COANIL",24671564,"medium","12-29-2016","12","29","2016"
"401","Activarse",404,"Fundación Casa de la Paz",47028737,"medium","07-18-2016","07","18","2016"
"402","Programa Educacione para el Desarrollo",405,"Fundación Casa de la Paz",31100545,"medium","05-13-2016","05","13","2016"
"403","Luminarias Quilleco",406,"Fundación Colbún",56724947,"high","09-02-2016","09","02","2016"
"404","Inclusión socio laboral de personas en situación de",407,"Fundación Con Trabajo",35167000,"medium","03-14-2016","03","14","2016"
"405","Reforzamiento de las acciones de Fundación Cristo Vive (FCV), destinadas a la superación de la pobreza de sectores vulnerables de la Región Metropolitana, a través de la reestructuración y modernización de la Administración Central de la institución",408,"Fundación Cristo Vive",57883619,"high","04-12-2016","04","12","2016"
"406","Manejo integral de heridas, mejorando la calidad de vida de los niños con Piel de Cristal",409,"Fundación Debra Chile",30519439,"medium","01-04-2016","01","04","2016"
"407","Fondo Descúbreme",410,"Fundación Descúbreme",1.5e+08,"high","02-01-2016","02","01","2016"
"408","PROGRAMA EMPRESA INCLUSIVA ANTOFAGASTA",411,"Fundación Descúbreme",67200000,"high","06-01-2016","06","01","2016"
"409","Rescate Lector",412,"Fundación Educacional AraucaníAprende",50500000,"high","01-05-2016","01","05","2016"
"410","Programa de Becas CFT (Centros de Formación Técnica) para ex alumnos de Belén Educa",413,"Fundación Educacional Belén",1e+07,"low","07-25-2016","07","25","2016"
"411","Jardín Infantíl y Centro de Familia Colina",414,"Fundación Educacional Choshuenco",127051612,"high","02-29-2016","02","29","2016"
"412","Parent Child Home Program",415,"Fundación Educacional Choshuenco",5.4e+07,"high","12-28-2016","12","28","2016"
"413","QUIK Los Nidos",416,"Fundación Educacional Choshuenco",27578388,"medium","12-15-2016","12","15","2016"
"414","QUIK San Antonio / Cartagena",417,"Fundación Educacional Choshuenco",43020000,"medium","07-18-2016","07","18","2016"
"415","Programa de Lectro-Escritura comprensiva Primero Lee",418,"Fundación Educacional Crecer con Todos",96450000,"high","04-27-2016","04","27","2016"
"416","Apoyo en Infraestructura para lograr Educación de Calidad",419,"Fundación Educacional Educa Araucanía",5.1e+07,"high","12-30-2016","12","30","2016"
"417","Red 50.1",420,"Fundación Educación 2020",78500000,"high","08-17-2016","08","17","2016"
"418","Red 50.3",421,"Fundación Educación 2020",3.6e+07,"medium","07-26-2016","07","26","2016"
"419","Hopitamagia",422,"Fundación Educándonos",16955000,"medium","04-27-2016","04","27","2016"
"420","Chiloe Natural: Educación Ambiental para el Desarrollo",423,"Fundación Emprépolis",6305000,"low","12-22-2016","12","22","2016"
"421","Mini Startups: Programa Desarrollo de Competencias de Emprendimiento Innovador en Alumnos y Profesores de Enseñanza Media de la Región de Coquimbo",424,"Fundación Emprépolis",23265000,"medium","12-22-2016","12","22","2016"
"422","Programa de Emprendimiento para Internos del Centro CIP-CRC en las Compañías, La Serena",425,"Fundación Emprépolis",8289910,"low","12-22-2016","12","22","2016"
"423","Programa de Emprendimiento para Internos del Complejo",426,"Fundación Emprépolis",8470000,"low","12-22-2016","12","22","2016"
"424","Social Co-Work Emprépolis",427,"Fundación Emprépolis",29800000,"medium","12-22-2016","12","22","2016"
"425","Formación y acompañamiento de profesionales de Enseña Chile para el trabajo en colegios vulnerables",428,"Fundación Enseña Chile",598913000,"high","02-01-2016","02","01","2016"
"426","Fútbol Más 2018",429,"Fundación Grandes Valores",670314155,"high","01-12-2016","01","12","2016"
"427","Atención integral a lactantes y párvulos vulnerados en sus",430,"Fundación Hogar Esperanza",86741466,"high","01-19-2016","01","19","2016"
"428","Atención multidisciplinaria a lactantes y preescolares vulnerados en sus derechos",431,"Fundación Hogar Esperanza",5e+06,"low","01-04-2016","01","04","2016"
"429","Jardin Terapeutico",432,"Fundación Ilumina",34544017,"medium","03-21-2016","03","21","2016"
"430","Naturalizar Educativamente jardines Infantiles Etapa V",433,"Fundación Ilumina",109549183,"high","11-29-2016","11","29","2016"
"431","Primavera del Cottolengo Etapa IV",434,"Fundación Ilumina",30327502,"medium","12-19-2016","12","19","2016"
"432","Habilitación de Áreas Verdes Hospital Salvador",435,"Fundación Inspira",10436800,"low","05-18-2016","05","18","2016"
"433","Crecer Jugando",436,"Fundación Juguemos con Nuestros con Hijos",4198800,"low","11-10-2016","11","10","2016"
"434","Gestión y Acompañamiento Proyectos América Solidaria",437,"Fundación Jóvenes por una América Solidaria",4426000,"low","09-20-2016","09","20","2016"
"435","Beca Licán: Un Apoyo económico y social para alumnos de",438,"Fundación Licán",19429939,"medium","12-28-2016","12","28","2016"
"436","Acogida a niños enfermos de regiones, en hogares M.J, S.R y R.P",439,"Fundación María Jesús Vergara",1180000,"low","04-20-2016","04","20","2016"
"437","Areas Verdes Educativas",440,"Fundación Mi Parque",43500000,"medium","10-19-2016","10","19","2016"
"438","Construcción Proyecto Plan Maestro, Huertos familiares",441,"Fundación Mi Parque",102573684,"high","05-02-2016","05","02","2016"
"439","JARDÍN INFANTIL LAS AZUCENAS-HUECHURABA",442,"Fundación Mi Parque",9560000,"low","06-22-2016","06","22","2016"
"440","JARDÍN INFANTIL RAYÉN VALPARAÍSO",443,"Fundación Mi Parque",13510000,"medium","12-19-2016","12","19","2016"
"441","JARDÍN MADRE DE LA ESPERANZA-HUECHURABA",444,"Fundación Mi Parque",7e+06,"low","04-08-2016","04","08","2016"
"442","Jardines Infantiles Región Metropolitana",445,"Fundación Mi Parque",68300000,"high","10-07-2016","10","07","2016"
"443","PATIOS EDUCATIVOS 2 ESCUELAS SIP",446,"Fundación Mi Parque",4.6e+07,"medium","08-09-2016","08","09","2016"
"444","PATIOS EDUCATIVOS J.I. GOTITA DE AMOR",447,"Fundación Mi Parque",1.8e+07,"medium","09-02-2016","09","02","2016"
"445","PLAN ÁEREAS VERDES CANELA",448,"Fundación Mi Parque",127030000,"high","08-12-2016","08","12","2016"
"446","PLAZA VILLA SANTA RAQUEL. LA FLORIDA",449,"Fundación Mi Parque",1.5e+07,"medium","11-04-2016","11","04","2016"
"447","PLAZAS LOS VILOS",450,"Fundación Mi Parque",402741000,"high","08-12-2016","08","12","2016"
"448","Parque Las Turbinas",451,"Fundación Mi Parque",71448142,"high","01-08-2016","01","08","2016"
"449","Plazas Región Metropolitana",452,"Fundación Mi Parque",106617944,"high","01-01-2016","01","01","2016"
"450","RECUPERACIÓN PARQUE LAS HIGUERAS",453,"Fundación Mi Parque",8495000,"low","08-04-2016","08","04","2016"
"451","Recuperación del Parque Huertos Familiares",454,"Fundación Mi Parque",110170000,"high","01-01-2016","01","01","2016"
"452","Apoyo a Gestión e Integración Educativa en Alhué",455,"Fundación Minera Yamana",17247709,"medium","12-28-2016","12","28","2016"
"453","Bienestar. Salud y recreación para los habitantes de Alhué",456,"Fundación Minera Yamana",39215982,"medium","10-28-2016","10","28","2016"
"454","Fomento a la Cultura y Tradiciones en Alhué",457,"Fundación Minera Yamana",25313533,"medium","08-17-2016","08","17","2016"
"455","Fomento al desarrollo y emprendimiento Taltal",458,"Fundación Minera Yamana",9785469,"low","08-17-2016","08","17","2016"
"456","Fomento al desarrollo y emprendimiento en Alhué",459,"Fundación Minera Yamana",17222574,"medium","09-09-2016","09","09","2016"
"457","Gestión e Integración Educativa en Alhué",460,"Fundación Minera Yamana",22747822,"medium","04-25-2016","04","25","2016"
"458","Gestión e Integración Educativa en Taltal",461,"Fundación Minera Yamana",11004956,"low","12-15-2016","12","15","2016"
"459","Mejoramiento de la calidad de vida de los habitantes de Tal Tal",462,"Fundación Minera Yamana",25636287,"medium","08-08-2016","08","08","2016"
"460","Casa de Acogida e Inclusión para personas con Discapacidad Misión de Amor",463,"Fundación Misión Batuco",16100000,"medium","12-16-2016","12","16","2016"
"461","Con Deporte. Decimos no a la Deserción Escolar",464,"Fundación Misión Batuco",7500000,"low","12-30-2016","12","30","2016"
"462","Programa de Apoyo Multidisciplinario",466,"Fundación Más Skate",2.7e+07,"medium","03-29-2016","03","29","2016"
"463","Becas 2016 Gánale a la vida",467,"Fundación Niño y Cáncer",3104000,"low","01-07-2016","01","07","2016"
"464","Cena de Navidad",468,"Fundación Niño y Cáncer",4412233,"low","11-18-2016","11","18","2016"
"465","Montaña de la Alegria, Taller de esqui",469,"Fundación Niño y Cáncer",1500000,"low","07-29-2016","07","29","2016"
"466","Alimentación Complementaria para niños enfermos de",470,"Fundación Nuestros Hijos",35370755,"medium","04-19-2016","04","19","2016"
"467","Instalación de placas en Cobre con elementos manipulados",471,"Fundación Nuestros Hijos",1.5e+07,"medium","07-29-2016","07","29","2016"
"468","Manejo integral de heridas, mejorando la calidad de vida de los niños con Piel de Cristal",472,"Fundación Nuestros Hijos",46229381,"medium","04-19-2016","04","19","2016"
"469","Construcción Nuevo Hogar Buen Camino y Reforzamiento de Intervencion en Niños",473,"Fundación Padre Semeria",81900000,"high","01-29-2016","01","29","2016"
"470","Colegio San Alberto",474,"Fundación Paso a Paso",12869544,"medium","01-15-2016","01","15","2016"
"471","Programa Paz Educa",475,"Fundación Paz Ciudadana",25099998,"medium","05-05-2016","05","05","2016"
"472","Impulsar las actividades de Desarrollo Personal y",476,"Fundación RECCA",9050000,"low","12-27-2016","12","27","2016"
"473","Tengo Derecho a Vivir en Familia",477,"Fundación San José Centro de Atención Familiar",72304414,"high","01-04-2016","01","04","2016"
"474","Capacitación en talleres integrales de oficio a NNA que",478,"Fundación Sentido",1.1e+07,"low","06-28-2016","06","28","2016"
"475","BIENVENIDA EN LA FRONTERA: PROGRAMA DE ASISTENCIA SOCIO-JURÍDICA",479,"Fundación Servicio Jesuita a Migrantes",8e+06,"low","12-30-2016","12","30","2016"
"476","Programa Integra Chile",480,"Fundación Servicio Jesuita a Migrantes",15645564,"medium","01-08-2016","01","08","2016"
"477","TRABAJADOR GLOBAL",481,"Fundación Servicio Jesuita a Migrantes",28839001,"medium","12-30-2016","12","30","2016"
"478","Acción Sonrisas: Nuevas sonrisas para nuevos chilenos y chilenas",482,"Fundación Sonrisas",37388385,"medium","11-04-2016","11","04","2016"
"479","Escuela Sonrisas: Protegiendo las sonrisas del futuro",483,"Fundación Sonrisas",5184810,"low","05-19-2016","05","19","2016"
"480","Manejo integral de heridas, mejorando la calidad de vida de los niños con Piel de Cristal",484,"Fundación Sonrisas",2e+05,"low","12-30-2016","12","30","2016"
"481","Desarrollo empresarial para micro y pequeños empresas de las regiones II, III, V, RM",485,"Fundación Technoserve Chile",1092085,"low","03-03-2016","03","03","2016"
"482","Programa de Fortalecimiento de Microempresas de las",486,"Fundación Technoserve Chile",238898756,"high","09-16-2016","09","16","2016"
"483","Programa de capacitación y Potenciamiento de Micro y",487,"Fundación Technoserve Chile",70183544,"high","01-18-2016","01","18","2016"
"484","TRABAJO PERMANENTE DE ORGANIZACIÓN COMUNITARIA EN CAMPAMENTO",488,"Fundación Un Techo para Chile",692355374,"high","01-05-2016","01","05","2016"
"485","Construyendo Nuevos Barrios de Vivienda Social",489,"Fundación Urbanismo Social",197735196,"high","02-15-2016","02","15","2016"
"486","Desarrollando espacios seguros en Cerro Navia con",490,"Fundación Urbanismo Social",296780000,"high","09-07-2016","09","07","2016"
"487","Mi Barrio Sustentable 2016",491,"Fundación Urbanismo Social",6.2e+07,"high","05-01-2016","05","01","2016"
"488","Prevensión del Deterioro en Barrios: Personas Felices y",492,"Fundación Urbanismo Social",67791806,"high","07-01-2016","07","01","2016"
"489","Construcción y Operación Casa Acogida - Fundación Camino",493,"Fundación de Ayuda Oncológica y Educacional",266167348,"high","01-22-2016","01","22","2016"
"490","Construye Tu Futuro",494,"Fundación por una Carrera",41574701,"medium","01-14-2016","01","14","2016"
"491","Area de familia y atención complementaria Colegio San",495,"Instituto San Juan Apóstol",9304000,"low","09-14-2016","09","14","2016"
"492","Análisis comparativo de la evaluación de la intervención",496,"Junto al Barrio",15442231,"medium","11-17-2016","11","17","2016"
"493","Construcción. recuperación. mantenimiento y mejoramiento",497,"Junto al Barrio",58046662,"high","06-07-2016","06","07","2016"
"494","Fortalecimiento Organizacional Barrial en Gabriela Mistral - La Palma",498,"Junto al Barrio",1e+08,"high","04-21-2016","04","21","2016"
"495","Fortalecimiento Organizacional Barrial en Patria Nueva - El Rodeo",499,"Junto al Barrio",6e+07,"high","08-17-2016","08","17","2016"
"496","Fortalecimiento Organizacional Barrial en Ramaditas",500,"Junto al Barrio",2e+07,"medium","07-14-2016","07","14","2016"
"497","Fortalecimiento Organizacional Barrial en el Barrio Los Presidentes de Chile",501,"Junto al Barrio",6e+07,"high","12-28-2016","12","28","2016"
"498","Fortalecimiento de Organizaciones sociales  de las Regiones",502,"Junto al Barrio",35169131,"medium","11-17-2016","11","17","2016"
"499","Fortalecimiento de Organizaciones sociales Coquimbo",503,"Junto al Barrio",1303320,"low","04-04-2016","04","04","2016"
"500","Fortalecimiento de Organizaciones sociales Santiago",504,"Junto al Barrio",1177549,"low","01-04-2016","01","04","2016"
"501","Fortalecimiento de Organizaciones sociales de los barrios.",505,"Junto al Barrio",2e+06,"low","03-31-2016","03","31","2016"
"502","Mejoramiento. equipamiento y fortalecimiento",506,"Junto al Barrio",10282000,"low","11-28-2016","11","28","2016"
"503","Promocion y Articulacion social en Heroes del Mar",507,"Junto al Barrio",6.2e+07,"high","01-13-2016","01","13","2016"
"504","Promoviendo la Integracion Territorial de Barrios: Juntos Levantamos la Parte Alta de Coquimbo",508,"Junto al Barrio",83300000,"high","01-29-2016","01","29","2016"
"505","Red nacional de dirigentes una plataforma de encuentro",509,"Junto al Barrio",27292836,"medium","11-17-2016","11","17","2016"
"506","Atrevetec: Talleres de Educación tecnológica sustentable",510,"La Ruta Solar",6.8e+07,"high","11-01-2016","11","01","2016"
"507","Residencia Barbara Kast",511,"Maria Ayuda Corporación de Beneficencia",38607520,"medium","04-04-2016","04","04","2016"
"508","Residencia Divina Providencia",512,"Maria Ayuda Corporación de Beneficencia",32052140,"medium","06-16-2016","06","16","2016"
"509","Residencia Mixta María Ayuda Viña",513,"Maria Ayuda Corporación de Beneficencia",44300000,"medium","06-01-2016","06","01","2016"
"510","Residencia Navidad",514,"Maria Ayuda Corporación de Beneficencia",179219822,"high","01-31-2016","01","31","2016"
"511","Residencia Niñas María Ayuda Rancagua",515,"Maria Ayuda Corporación de Beneficencia",207297746,"high","01-29-2016","01","29","2016"
"512","Residencia Niños María Ayuda Chillán",516,"Maria Ayuda Corporación de Beneficencia",221921822,"high","01-31-2016","01","31","2016"
"513","Residencia Nuestra Señora de la Anunciación",517,"Maria Ayuda Corporación de Beneficencia",19616739,"medium","01-05-2016","01","05","2016"
"514","Residencia Nuestra Señora de la Esperanza",518,"Maria Ayuda Corporación de Beneficencia",21100000,"medium","04-15-2016","04","15","2016"
"515","Residencia Padre Hernán",519,"Maria Ayuda Corporación de Beneficencia",38056500,"medium","01-29-2016","01","29","2016"
"516","Residencia San José",520,"Maria Ayuda Corporación de Beneficencia",1e+06,"low","12-19-2016","12","19","2016"
"517","Residencia Villa Santa María del Bosque",521,"Maria Ayuda Corporación de Beneficencia",63619504,"high","01-29-2016","01","29","2016"
"518","Red Innovacien",522,"ONG Innovacien",1850930,"low","06-30-2016","06","30","2016"
"519","Colonias infantiles, juveniles y talleres culturales por el buen uso del tiempo libre y generación de conductas protectoras y de vida sana niños, niñas y adolescentes del sector El Castillo de la comuna de La Pintana",523,"ONG JESÚS NIÑO",22243659,"medium","03-10-2016","03","10","2016"
"520","Programa de Apoyo a Estudiantes Mapuches de Enseñanza Media en Condiciones de Vulnerabilidad VIII y IX Región",524,"ONG OIES para los pueblos Indígenas",1e+07,"low","03-11-2016","03","11","2016"
"521","FOLIO 418. CONSTRUYENDO MI FUTURO I",525,"ONG de Desarrollo ANSPAC",15250000,"medium","06-10-2016","06","10","2016"
"522","FOLIO 679. CONSTRUYENDO MI FUTURO II.",526,"ONG de Desarrollo ANSPAC",32290000,"medium","05-13-2016","05","13","2016"
"523","Red de Formación y Trabajo para el Sur Austral de Chile",527,"ONG de Desarrollo Consejo Empresarial de la Educación",123379410,"high","01-26-2016","01","26","2016"
"524","Centro de apredizaje",528,"ONG de desarrollo Pather Nostrum",1e+06,"low","05-20-2016","05","20","2016"
"525","Cree n2t0r1o6 de apredizaje",529,"ONG de desarrollo Pather Nostrum",60000,"low","12-31-2016","12","31","2016"
"526","Programa de Apoyo a Estudiantes Mapuches de Enseñanza Media en Condiciones de Vulnerabilidad",530,"ORGANIZACIÓN NO GUNERNAMENTAL PARA",1e+07,"low","09-28-2016","09","28","2016"
"527","Unidos por la Salud de los Niños",531,"Patronato Nacional de la Infancia",190164619,"high","02-02-2016","02","02","2016"
"528","Atención directa a niños y niñas vulnerada (as) en centro de protección simple. “Residencia Angeles Custodios",532,"Residencia Angeles Custodios perteneciente a",8775600,"low","07-13-2016","07","13","2016"
"529","Clinica Siria Movil en tu Colegio: Dientes Sanos, Niños Sanos",533,"Sociedad de Beneficencia Siria",1290000,"low","03-24-2016","03","24","2016"
"530","Red de Alimentos",534,"Corporación Red de Alimentos",415404000,"high","01-14-2017","01","14","2017"
"531","VERANO TRAMPOLÍN",535,"FUNDACION CONSEJO DE CURSO",25120100,"medium","12-21-2017","12","21","2017"
"532","Programa de Intervencion en adolescentes y jovenes en",536,"Fundacion Abrazarte",32613000,"medium","02-01-2017","02","01","2017"
"533","Mejorando Las residencias de Coanil",537,"Fundación COANIL",24671564,"medium","12-29-2017","12","29","2017"
"534","Rescate Lector",538,"Fundación Educacional AraucaníAprende",7500000,"low","06-22-2017","06","22","2017"
"535","Capacitación en talleres integrales de oficio a NNA que",539,"Fundación Sentido",402500,"low","06-17-2017","06","17","2017"
"536","Acogida para niños con cáncer de regiones junto a su apoderado en casa de la Sagrada Familia",540,"Fundación de ayuda al niño oncológico Casa de la Sagrada Familia",35254063,"medium","05-20-2017","05","20","2017"
"537","Colonias infantiles, juveniles y talleres culturales por el buen uso del tiempo libre y generación de conductas protectoras y de vida sana niños, niñas y adolescentes del sector El Castillo de la comuna de La Pintana",541,"ONG JESÚS NIÑO",36004208,"medium","03-10-2017","03","10","2017"
"538","Atención directa a niños y niñas vulnerada (as) en centro de protección simple. “Residencia Angeles Custodios",542,"Residencia Angeles Custodios perteneciente a",46180000,"medium","01-06-2017","01","06","2017"
"539","Residencia de Lactantes y Pre Escolares Tupahue",543,"Residencia de Lactantes y Pre Escolares",25500000,"medium","11-28-2017","11","28","2017"
